pair,estimate,statistic,p.value,adj.p.BH,method,alternative
ELDg168 vs. sigF,0.16667914778712095,9110571865.78244,1.6268319581753452e-26,2.1691092775671268e-26,Spearman's rank correlation rho,two.sided
ELDg169 vs. sigF,0.7602833060140657,2620786654.008655,0,0,Spearman's rank correlation rho,two.sided
Goe3 vs. sigF,0.13657492138981467,9439696856.868563,2.9995223320707e-18,2.9995223320707e-18,Spearman's rank correlation rho,two.sided
SP10 vs. sigF,0.2023220535173025,8720893324.440512,1.60739687369131e-38,3.21479374738262e-38,Spearman's rank correlation rho,two.sided
ELDg168 vs. sigG,0.14841290359779818,9310273973.27542,2.675598453888342e-21,3.0578268044438194e-21,Spearman's rank correlation rho,two.sided
ELDg169 vs. sigG,0.712230670905617,3146138904.985216,0,0,Spearman's rank correlation rho,two.sided
Goe3 vs. sigG,0.18001208959428536,8964804813.159311,1.0158155814633862e-30,1.625304930341418e-30,Spearman's rank correlation rho,two.sided
SP10 vs. sigG,0.2508088157271602,8190794826.990257,6.7313743981458505e-59,1.7950331728388932e-58,Spearman's rank correlation rho,two.sided
