induced,other.down,spor.down,other.unchanged,spor.unchanged,other.up,spor.up,m,n,k.up,k.down,hg.up,hg.down,Padj.up,Padj.down
ELDg168,258,49,2789,567,193,29,645,3240,222,307,0.92,0.59,1,1
ELDg169,1088,63,1291,192,861,390,645,3240,1251,1151,3.3000000000000004e-60,1,1.9800000000000003e-59,1
Goe3,2,0,3221,640,17,5,645,3240,22,2,0.14,0.3,0.42000000000000004,0.72
sigF,874,52,1618,255,748,338,645,3240,1086,926,3.5999999999999995e-48,1,1.4399999999999998e-47,1
sigG,579,41,2170,299,491,305,645,3240,796,620,4.6999999999999994e-66,1,5.6399999999999995e-65,1
SP10,12,1,3200,642,28,2,645,3240,30,13,0.9,0.66,1,1
